Residue,Contact Surface Area,Polar Contact Surface Area,Nonpolar Contact Surface Area
l:GLU1,60.848598,43.952599,16.896
l:GLY2,17.231199,12.5225,4.70872
l:PRO3,36.1908,7.10746,29.0833
l:VAL4,14.1262,0,14.1262
l:GLY5,10.461,9.63003,0.830951
l:LEU6,45.013802,22.3011,22.7127
l:ALA7,23.4729,0.760266,22.7127
l:ASP8,33.8605,20.2883,13.5722
l:PRO9,16.124201,5.32186,10.8024
l:LYS10,44.682701,26.955799,17.726999
l:ILE11,45.425301,0,45.425301
l:PRO12,27.4863,2.2808,25.2055
l:ALA13,41.125,18.412399,22.7127
l:LEU14,61.853001,17.535601,44.317402
l:ALA15,26.2896,0.530144,25.759501
l:PRO16,35.488998,6.12872,29.3603
l:LEU17,51.295399,8.36292,42.932499
l:GLY18,21.489901,19.827999,1.6619
l:ALA19,18.799801,6.33555,12.4643
l:PRO20,61.639099,31.1709,30.468201
r:MET238,1.64999,0.265072,1.38492
r:TYR239,43.574402,15.0451,28.529301
r:GLU241,18.5469,17.992901,0.553968
r:GLN245,9.4041,8.01918,1.38492
r:ASP291,4.56159,4.56159,0
r:LYS355,15.952,14.844,1.10793
r:ALA356,0.253422,0.253422,0
r:SER357,0.830956,0,0.830951
r:LYS358,13.9713,3.44593,10.5254
r:ASP382,15.0048,11.404,3.60079
r:VAL383,14.1974,11.1506,3.04682
r:THR385,2.78764,2.78764,0
r:LEU412,9.69443,0,9.69443
r:SER436,22.743,20.527201,2.21587
r:ASP440,24.8762,15.4587,9.41745
r:LYS441,8.00871,0.530144,7.47856
r:GLU444,13.7555,12.9245,0.830952
r:SER451,6.10569,5.8287,0.276983
r:VAL452,19.9606,2.78764,17.173
r:LEU453,1.84464,1.01369,0.830952
r:PRO454,30.662701,19.583401,11.0793
r:ALA456,12.1277,1.32536,10.8024
r:TYR492,11.3626,8.86977,2.49285
r:LEU493,15.376,10.3903,4.98571
r:ASP496,4.56159,4.56159,0
r:ARG497,25.446899,25.446899,0
r:THR523,8.58649,0,8.5865
r:ASP524,7.92598,7.92598,0
r:GLY531,1.77396,1.77395,0
r:SER534,23.4499,12.9245,10.5254
r:GLN535,32.5681,14.8411,17.726999
r:LYS537,17.202801,11.6632,5.53968
r:ARG538,69.397003,56.378799,13.0182
r:TRP539,64.929497,23.105,41.824501
r:LEU540,7.20158,0,7.20158
r:ALA543,8.5865,0,8.5865
r:THR547,11.893,9.12318,2.76984
r:HIS578,8.86348,0,8.86348
r:TYR581,22.7425,8.61634,14.1262
r:THR582,12.8182,8.1095,4.70872
r:ASN648,20.4942,18.278299,2.21587
r:TYR732,9.63003,9.63003,0
r:ASN736,0.265068,0.265072,0
r:ASP739,27.375299,24.328501,3.04682
r:LEU740,0.253418,0.253421,0
