Residue,Contact Surface Area,Polar Contact Surface Area,Nonpolar Contact Surface Area
l:GLU1,61.655701,44.4827,17.173
l:GLY2,16.9543,12.5225,4.43174
l:PRO3,37.7584,8.12115,29.6373
l:VAL4,13.8492,0,13.8492
l:GLY5,10.461,9.63003,0.830951
l:LEU6,45.013802,22.3011,22.7127
l:ALA7,24.026899,0.760266,23.2666
l:ASP8,34.897701,21.0485,13.8492
l:PRO9,15.5938,5.06844,10.5254
l:ASP10,0.506844,0.506843,0
l:GLY11,9.14046,0,9.14046
l:PRO12,25.848,2.02737,23.820601
l:ALA13,43.105301,20.9466,22.158701
l:SER14,36.140999,22.8458,13.2952
l:ALA15,26.0126,0.530144,25.4825
l:PRO16,34.911201,6.65887,28.2523
l:LEU17,51.018398,8.36292,42.655499
l:GLY18,21.489901,19.827999,1.6619
l:ALA19,18.7763,6.58897,12.1873
l:PRO20,61.639099,31.1709,30.468201
r:MET238,2.18013,0.795215,1.38492
r:TYR239,43.297401,15.0451,28.2523
r:GLU241,2.28079,2.2808,0
r:ASP291,4.56159,4.56159,0
r:LYS355,16.505899,14.844,1.6619
r:ALA356,0.253422,0.253422,0
r:SER357,0.830956,0,0.830951
r:LYS358,13.9713,3.44593,10.5254
r:ASP382,15.2582,11.6574,3.60079
r:VAL383,0.506844,0.506844,0
r:THR385,2.78764,2.78764,0
r:LEU412,8.58649,0,8.58649
r:SER436,22.489599,20.273701,2.21587
r:ASP440,24.8762,15.4587,9.41745
r:LYS441,7.74364,0.265072,7.47856
r:GLU444,13.7555,12.9245,0.830952
r:SER451,6.91307,6.08212,0.830951
r:VAL452,19.9606,2.78764,17.173
r:LEU453,1.84464,1.01369,0.830952
r:PRO454,30.892599,20.0902,10.8024
r:ALA456,12.6817,1.32536,11.3563
r:TYR492,11.3626,8.86977,2.49285
r:LEU493,2.76984,0,2.76984
r:ASP496,8.86976,8.86976,0
r:ARG497,24.9168,24.9168,0
r:THR523,7.47855,0,7.47856
r:ASP524,8.43281,8.43282,0
r:GLY531,0.506843,0.506843,0
r:SER534,23.4499,12.9245,10.5254
r:GLN535,17.8283,10.0727,7.75554
r:LYS537,17.733,12.1933,5.53967
r:ARG538,62.577801,55.930199,6.64761
r:TRP539,42.776199,11.2,31.576099
r:LEU540,6.92459,0,6.92459
r:ALA543,8.30951,0,8.30951
r:THR547,11.893,9.12318,2.76984
r:HIS578,8.86348,0,8.86348
r:TYR581,22.7425,8.61634,14.1262
r:THR582,12.8182,8.1095,4.70872
r:ASN648,20.4942,18.278299,2.21587
r:TYR732,9.63003,9.63003,0
r:ASN736,0.265068,0.265072,0
r:ASP739,27.375299,24.328501,3.04682
r:LEU740,0.253418,0.253421,0
